-42.883193969727,147.33169555664
-42.883193969727,147.33169555664
-42.875503540039,147.37030029297
-42.832000732422,147.32269287109
-42.829605102539,147.34631347656
-41.475997924805,147.15771484375
-41.45979309082,147.08410644531
-41.43879699707,147.13470458984
-38.050003051758,145.11669921875
-37.977005004883,145.25869750977
-37.933303833008,145.23330688477
-37.899993896484,145
-37.899505615234,145.08108520508
-37.88459777832,145.29541015625
-37.882507324219,145.02288818359
-37.871994018555,145.02160644531
-37.869201660156,144.99771118164
-37.86669921875,145.06671142578
-37.86669921875,145.06671142578
-37.863296508789,144.9801940918
-37.833297729492,145.06671142578
-37.833297729492,145.03329467773
-37.822799682617,144.96429443359
-37.819000244141,145.15328979492
-37.819000244141,145.15328979492
-37.813903808594,144.96340942383
-37.813903808594,144.96340942383
-37.813903808594,144.96340942383
-37.813903808594,144.96340942383
-37.813903808594,144.96340942383
-37.813903808594,144.96340942383
-37.813903808594,144.96340942383
-37.813903808594,144.96340942383
-37.813903808594,144.96340942383
-37.813903808594,144.96340942383
-37.813903808594,144.96340942383
-37.811706542969,145.08099365234
-37.806396484375,145.03091430664
-37.800003051758,144.98330688477
-37.766693115234,144.91668701172
-37.698593139648,144.78628540039
-37.601501464844,145.27239990234
-37.600006103516,144.95001220703
-36.915802001953,174.6921081543
-36.733306884766,141.85000610352
-36.46809387207,145.58599853516
-36.46809387207,145.58599853516
-36.350006103516,149.03329467773
-36.121795654297,146.88809204102
-36.074905395508,146.92388916016
-35.391403198242,149.21661376953
-35.391403198242,149.21661376953
-35.391403198242,149.21661376953
-35.391403198242,149.21661376953
-35.386199951172,149.05801391602
-35.354904174805,149.23199462891
-35.354904174805,149.23199462891
-35.342193603516,149.21011352539
-35.342193603516,149.21011352539
-35.342193603516,149.21011352539
-35.342193603516,149.21011352539
-35.277206420898,149.10540771484
-35.276000976562,149.13439941406
-35.26220703125,149.14779663086
-35.224395751953,149.01190185547
-35.198699951172,149.06439208984
-35.16960144043,149.12799072266
-35.16960144043,149.12799072266
-35.168197631836,149.14608764648
-35.13330078125,138.51669311523
-35.13330078125,138.51669311523
-35.125793457031,147.35369873047
-35.125793457031,147.35369873047
-35.125793457031,147.35369873047
-35.125793457031,147.35369873047
-35.125793457031,147.35369873047
-35.125793457031,147.35369873047
-35.075805664062,138.54190063477
-35.068206787109,150.6748046875
-34.959594726562,138.6487121582
-34.949005126953,138.66189575195
-34.948593139648,138.57458496094
-34.936798095703,138.62899780273
-34.932495117188,138.55688476562
-34.931396484375,138.64630126953
-34.928695678711,138.59860229492
-34.928695678711,138.59860229492
-34.928695678711,138.59860229492
-34.928695678711,138.59860229492
-34.928695678711,138.59860229492
-34.928695678711,138.59860229492
-34.928695678711,138.59860229492
-34.928695678711,138.59860229492
-34.928695678711,138.59860229492
-34.928695678711,138.59860229492
-34.928695678711,138.59860229492
-34.928695678711,138.59860229492
-34.928695678711,138.59860229492
-34.928695678711,138.59860229492
-34.928695678711,138.59860229492
-34.928695678711,138.59860229492
-34.928695678711,138.59860229492
-34.928695678711,138.59860229492
-34.928695678711,138.59860229492
-34.928695678711,138.59860229492
-34.928695678711,138.59860229492
-34.928695678711,138.59860229492
-34.928695678711,138.59860229492
-34.928695678711,138.59860229492
-34.928695678711,138.59860229492
-34.928695678711,138.59860229492
-34.928695678711,138.59860229492
-34.926498413086,138.5703125
-34.925903320312,138.52801513672
-34.916702270508,138.66668701172
-34.915298461914,139.30331420898
-34.907302856445,138.59140014648
-34.901397705078,138.57501220703
-34.901397705078,138.57501220703
-34.899993896484,138.53329467773
-34.88330078125,138.54998779297
-34.88330078125,138.54998779297
-34.88330078125,138.54998779297
-34.879302978516,138.63558959961
-34.879302978516,138.63558959961
-34.879302978516,138.63558959961
-34.868499755859,138.62799072266
-34.857299804688,138.61331176758
-34.850006103516,138.64999389648
-34.833297729492,138.63330078125
-34.833297729492,138.68328857422
-34.815902709961,138.60809326172
-34.815902709961,138.60809326172
-34.783294677734,138.73330688477
-34.766693115234,138.63330078125
-34.766693115234,138.63330078125
-34.553695678711,150.37118530273
-34.494400024414,150.89001464844
-34.494400024414,150.89001464844
-34.494400024414,150.89001464844
-34.485000610352,150.88830566406
-34.483306884766,150.85000610352
-34.452499389648,150.83151245117
-34.449996948242,149.98330688477
-34.42399597168,150.89340209961
-34.42399597168,150.89340209961
-34.355392456055,150.89428710938
-34.240493774414,150.69769287109
-34.222503662109,150.59469604492
-34.203506469727,150.7864074707
-34.085998535156,150.83319091797
-34.085998535156,150.83319091797
-34.085998535156,150.83319091797
-34.083297729492,151.14999389648
-34.050003051758,151.13330078125
-34.050003051758,151.08331298828
-34.050003051758,151.08331298828
-34.037506103516,150.81359863281
-34.037506103516,150.81359863281
-34.033294677734,150.73330688477
-34.033294677734,150.85000610352
-34.033294677734,151.10000610352
-34.033294677734,150.85000610352
-34.016693115234,151.10000610352
-34.016494750977,150.84030151367
-34.00439453125,150.89651489258
-34,151.04998779297
-33.987396240234,151.02529907227
-33.987396240234,151.02529907227
-33.983306884766,151.11669921875
-33.983306884766,150.96670532227
-33.983306884766,150.96670532227
-33.982696533203,151.04180908203
-33.982696533203,151.04180908203
-33.982696533203,151.04180908203
-33.980606079102,150.99661254883
-33.973602294922,151.13729858398
-33.973602294922,151.13729858398
-33.973602294922,151.13729858398
-33.966995239258,151.2421875
-33.966705322266,151.25
-33.966705322266,151.10000610352
-33.966705322266,150.98330688477
-33.952194213867,150.89950561523
-33.952194213867,150.89950561523
-33.952194213867,150.89950561523
-33.952194213867,150.89950561523
-33.949996948242,151.10000610352
-33.949996948242,151.23330688477
-33.949996948242,151.03329467773
-33.949996948242,151.11669921875
-33.949996948242,151.23330688477
-33.949996948242,151.23330688477
-33.949996948242,151.23330688477
-33.949996948242,151.23330688477
-33.949996948242,151.23330688477
-33.949996948242,151.21670532227
-33.949996948242,151.23330688477
-33.949996948242,151.23330688477
-33.949996948242,151.01669311523
-33.949996948242,151.23330688477
-33.949996948242,151.11669921875
-33.949996948242,151.23330688477
-33.949996948242,151.23330688477
-33.949996948242,151.23330688477
-33.949996948242,151.11669921875
-33.949905395508,151.15649414062
-33.949905395508,151.15649414062
-33.947998046875,151.0798034668
-33.947998046875,151.0798034668
-33.945999145508,151.14300537109
-33.942504882812,150.93771362305
-33.94189453125,150.87170410156
-33.94189453125,150.87170410156
-33.939300537109,151.09930419922
-33.939300537109,151.09930419922
-33.939300537109,151.09930419922
-33.939300537109,151.09930419922
-33.935302734375,151.1257019043
-33.927398681641,150.80810546875
-33.927398681641,150.80810546875
-33.924606323242,151.01089477539
-33.924194335938,151.06741333008
-33.924194335938,151.06741333008
-33.920104980469,150.85018920898
-33.920104980469,150.85018920898
-33.919006347656,151.08938598633
-33.919006347656,151.08938598633
-33.916702270508,151.03329467773
-33.916702270508,151.18328857422
-33.916702270508,151.03329467773
-33.916702270508,151.03329467773
-33.916702270508,151.08331298828
-33.916702270508,151.16668701172
-33.916702270508,151.20001220703
-33.916702270508,151.18328857422
-33.916702270508,151.21670532227
-33.916702270508,151.03329467773
-33.916702270508,151.03329467773
-33.916702270508,151.16668701172
-33.916702270508,151.03329467773
-33.916702270508,151.03329467773
-33.916000366211,150.89990234375
-33.912506103516,151.1028137207
-33.912506103516,151.25
-33.912506103516,151.25
-33.912506103516,151.1028137207
-33.912506103516,151.1028137207
-33.912506103516,151.25
-33.912506103516,151.1028137207
-33.912399291992,151.06600952148
-33.909896850586,151.12869262695
-33.907501220703,151.20858764648
-33.904907226562,151.01998901367
-33.904907226562,151.01998901367
-33.904098510742,151.13949584961
-33.903198242188,151.15179443359
-33.902206420898,151.20040893555
-33.902206420898,151.20040893555
-33.901992797852,151.26559448242
-33.901992797852,151.26559448242
-33.901992797852,151.26559448242
-33.899993896484,151.18328857422
-33.899993896484,151.20001220703
-33.899993896484,151.18328857422
-33.899993896484,151.20001220703
-33.899993896484,150.95001220703
-33.899993896484,150.95001220703
-33.899993896484,151.04998779297
-33.899993896484,151.18328857422
-33.899993896484,151.20001220703
-33.899993896484,151.20001220703
-33.899993896484,151.04998779297
-33.899993896484,151.20001220703
-33.899795532227,151.11880493164
-33.897903442383,151.23361206055
-33.897201538086,151.10321044922
-33.897201538086,151.14880371094
-33.894104003906,151.16421508789
-33.894104003906,151.16421508789
-33.894104003906,151.16421508789
-33.894104003906,151.16421508789
-33.894104003906,151.16421508789
-33.894104003906,151.16421508789
-33.893600463867,150.88909912109
-33.892807006836,151.24719238281
-33.891693115234,151.26669311523
-33.891693115234,151.26669311523
-33.891693115234,151.26669311523
-33.891494750977,151.13821411133
-33.891494750977,151.13821411133
-33.891494750977,151.13821411133
-33.890502929688,151.10070800781
-33.889694213867,151.17639160156
-33.889694213867,151.17639160156
-33.889694213867,151.17639160156
-33.889694213867,151.17639160156
-33.889694213867,151.17639160156
-33.888305664062,151.12271118164
-33.888305664062,151.12271118164
-33.888305664062,151.12271118164
-33.888305664062,151.12271118164
-33.888305664062,151.12271118164
-33.888305664062,151.12271118164
-33.888305664062,151.12271118164
-33.888305664062,151.12271118164
-33.888305664062,151.12271118164
-33.888305664062,151.12271118164
-33.888305664062,151.12271118164
-33.887802124023,151.23678588867
-33.887802124023,151.23678588867
-33.887298583984,151.1242980957
-33.887298583984,151.1242980957
-33.887298583984,151.1242980957
-33.887298583984,151.1242980957
-33.887298583984,151.1242980957
-33.886703491211,151.19750976562
-33.886703491211,151.19750976562
-33.886703491211,151.19750976562
-33.883804321289,150.96148681641
-33.883407592773,151.15618896484
-33.883407592773,151.15618896484
-33.883407592773,151.15618896484
-33.883407592773,151.15618896484
-33.883407592773,151.15618896484
-33.88330078125,151.16668701172
-33.88330078125,151.10000610352
-33.88330078125,151.14999389648
-33.88330078125,151.14999389648
-33.88330078125,151.14999389648
-33.88330078125,151.11669921875
-33.88330078125,151.11669921875
-33.88330078125,151.11669921875
-33.88330078125,151.14999389648
-33.88330078125,151.11669921875
-33.88330078125,151.11669921875
-33.88330078125,151.11669921875
-33.88330078125,151.14999389648
-33.88330078125,151.16668701172
-33.88330078125,151.10000610352
-33.88330078125,151.14999389648
-33.88330078125,151.11669921875
-33.88330078125,151.14999389648
-33.88330078125,151.10000610352
-33.88330078125,151.21670532227
-33.88330078125,151.11669921875
-33.88330078125,151.10000610352
-33.88330078125,151.21670532227
-33.88330078125,151.10000610352
-33.88330078125,151.11669921875
-33.881393432617,151.17999267578
-33.881393432617,151.17999267578
-33.881393432617,151.17999267578
-33.880996704102,151.07989501953
-33.879806518555,151.16229248047
-33.879806518555,151.16229248047
-33.879806518555,151.16229248047
-33.879806518555,151.16229248047
-33.879806518555,151.16229248047
-33.879806518555,151.16229248047
-33.879806518555,151.16229248047
-33.87939453125,151.21929931641
-33.87939453125,151.21929931641
-33.87939453125,151.21929931641
-33.87939453125,151.21929931641
-33.87939453125,151.21929931641
-33.87939453125,151.21929931641
-33.87939453125,151.21929931641
-33.87939453125,151.21929931641
-33.87939453125,151.21929931641
-33.878997802734,150.99938964844
-33.877899169922,151.14001464844
-33.877899169922,151.14001464844
-33.877899169922,151.14001464844
-33.876098632812,151.16558837891
-33.874801635742,151.22799682617
-33.871994018555,151.0339050293
-33.871994018555,151.0339050293
-33.871994018555,151.0339050293
-33.871994018555,151.0339050293
-33.87190246582,151.03100585938
-33.871505737305,151.22769165039
-33.870803833008,151.23889160156
-33.870101928711,150.86120605469
-33.86979675293,151.19400024414
-33.86979675293,151.19400024414
-33.86979675293,151.19400024414
-33.86979675293,151.19400024414
-33.86979675293,151.19400024414
-33.86979675293,151.19400024414
-33.86979675293,151.19400024414
-33.86979675293,151.19400024414
-33.86979675293,151.19400024414
-33.86979675293,151.19400024414
-33.86979675293,151.19400024414
-33.86979675293,151.19400024414
-33.86979675293,151.19400024414
-33.86979675293,151.19400024414
-33.867401123047,151.12908935547
-33.86669921875,151.10000610352
-33.86669921875,151.18328857422
-33.86669921875,151.18328857422
-33.86669921875,150.95001220703
-33.86669921875,151.18328857422
-33.86669921875,151.18328857422
-33.86669921875,151.10000610352
-33.86669921875,151.18328857422
-33.86669921875,151.18328857422
-33.86669921875,151.18328857422
-33.86669921875,151.18328857422
-33.86669921875,151.18328857422
-33.86669921875,151.18328857422
-33.86669921875,151.18328857422
-33.86669921875,151.18328857422
-33.86669921875,151.18328857422
-33.86669921875,151.18328857422
-33.86669921875,151.18328857422
-33.86669921875,151.18328857422
-33.86669921875,151.10000610352
-33.86669921875,151.18328857422
-33.86669921875,151.18328857422
-33.86669921875,151.18328857422
-33.86669921875,151.18328857422
-33.86669921875,151.18328857422
-33.86669921875,151.18328857422
-33.86669921875,151.18328857422
-33.86669921875,151.18328857422
-33.86669921875,151.21670532227
-33.86669921875,151.10000610352
-33.86669921875,151.10000610352
-33.86669921875,151.18328857422
-33.86669921875,151.08331298828
-33.86669921875,150.95001220703
-33.86669921875,151.08331298828
-33.86669921875,151.18328857422
-33.86669921875,151.18328857422
-33.86669921875,151.18328857422
-33.86669921875,151.18328857422
-33.86669921875,151.10000610352
-33.86669921875,151.18328857422
-33.86669921875,151.08331298828
-33.86669921875,150.95001220703
-33.86669921875,151.10000610352
-33.86669921875,151.10000610352
-33.86669921875,151.08331298828
-33.86669921875,150.95001220703
-33.86669921875,151.08331298828
-33.86149597168,151.20550537109
-33.86149597168,151.20550537109
-33.86149597168,151.20550537109
-33.86149597168,151.20550537109
-33.86149597168,151.20550537109
-33.86149597168,151.20550537109
-33.86149597168,151.20550537109
-33.86149597168,151.20550537109
-33.86149597168,151.20550537109
-33.86149597168,151.20550537109
-33.86149597168,151.20550537109
-33.86149597168,151.20550537109
-33.86149597168,151.20550537109
-33.86149597168,151.20550537109
-33.86149597168,151.20550537109
-33.86149597168,151.20550537109
-33.86149597168,151.20550537109
-33.86149597168,151.20550537109
-33.86149597168,151.20550537109
-33.86149597168,151.20550537109
-33.86149597168,151.20550537109
-33.86149597168,151.20550537109
-33.86149597168,151.20550537109
-33.86149597168,151.20550537109
-33.86149597168,151.20550537109
-33.86149597168,151.20550537109
-33.86149597168,151.20550537109
-33.86149597168,151.20550537109
-33.86149597168,151.20550537109
-33.86149597168,151.20550537109
-33.86149597168,151.20550537109
-33.86149597168,151.20550537109
-33.86149597168,151.20550537109
-33.86149597168,151.20550537109
-33.86149597168,151.20550537109
-33.86149597168,151.20550537109
-33.86149597168,151.20550537109
-33.86149597168,151.20550537109
-33.86149597168,151.20550537109
-33.86149597168,151.20550537109
-33.86149597168,151.20550537109
-33.86149597168,151.20550537109
-33.86149597168,151.20550537109
-33.86149597168,151.20550537109
-33.86149597168,151.20550537109
-33.86149597168,151.20550537109
-33.86149597168,151.20550537109
-33.86149597168,151.20550537109
-33.86149597168,151.20550537109
-33.86149597168,151.20550537109
-33.86149597168,151.20550537109
-33.86149597168,151.20550537109
-33.86149597168,151.20550537109
-33.86149597168,151.20550537109
-33.86149597168,151.20550537109
-33.86149597168,151.20550537109
-33.86149597168,151.20550537109
-33.86149597168,151.20550537109
-33.86149597168,151.20550537109
-33.86149597168,151.20550537109
-33.86149597168,151.20550537109
-33.86149597168,151.20550537109
-33.86149597168,151.20550537109
-33.86149597168,151.20550537109
-33.86149597168,151.20550537109
-33.86149597168,151.20550537109
-33.86149597168,151.20550537109
-33.86149597168,151.20550537109
-33.86149597168,151.20550537109
-33.861404418945,151.17050170898
-33.861404418945,151.17050170898
-33.861404418945,151.17050170898
-33.861404418945,151.17050170898
-33.861404418945,151.17050170898
-33.861404418945,151.17050170898
-33.860305786133,151.20159912109
-33.860305786133,151.20159912109
-33.860305786133,151.20159912109
-33.860305786133,151.20159912109
-33.860305786133,151.20159912109
-33.860305786133,151.20159912109
-33.860305786133,151.20159912109
-33.860305786133,151.20159912109
-33.860305786133,151.20159912109
-33.860305786133,151.20159912109
-33.860305786133,151.20159912109
-33.860305786133,151.20159912109
-33.860305786133,151.20159912109
-33.860305786133,151.20159912109
-33.860305786133,151.20159912109
-33.860305786133,151.20159912109
-33.860305786133,151.20159912109
-33.860305786133,151.20159912109
-33.860305786133,151.20159912109
-33.860305786133,151.20159912109
-33.860305786133,151.20159912109
-33.860305786133,151.20159912109
-33.860305786133,151.20159912109
-33.860305786133,151.20159912109
-33.860305786133,151.20159912109
-33.860305786133,151.20159912109
-33.860305786133,151.20159912109
-33.860305786133,151.20159912109
-33.860305786133,151.20159912109
-33.860305786133,151.20159912109
-33.860305786133,151.20159912109
-33.860305786133,151.20159912109
-33.860305786133,151.20159912109
-33.860305786133,151.20159912109
-33.860305786133,151.20159912109
-33.860305786133,151.20159912109
-33.860305786133,151.20159912109
-33.860305786133,151.20159912109
-33.860305786133,151.20159912109
-33.860305786133,151.20159912109
-33.860305786133,151.20159912109
-33.860305786133,151.20159912109
-33.860305786133,151.20159912109
-33.860305786133,151.20159912109
-33.858901977539,151.14111328125
-33.854797363281,151.18328857422
-33.854797363281,151.18328857422
-33.853607177734,151.15420532227
-33.852401733398,151.15490722656
-33.850006103516,151.13330078125
-33.850006103516,151.13330078125
-33.850006103516,151.13330078125
-33.850006103516,151.13330078125
-33.850006103516,151.03329467773
-33.850006103516,151.13330078125
-33.850006103516,151.03329467773
-33.850006103516,151.13330078125
-33.850006103516,151.13330078125
-33.850006103516,151.13330078125
-33.850006103516,151.13330078125
-33.850006103516,151.13330078125
-33.850006103516,151.13330078125
-33.850006103516,151.20001220703
-33.850006103516,151.03329467773
-33.850006103516,151.13330078125
-33.850006103516,151.03329467773
-33.850006103516,151.11669921875
-33.850006103516,151.03329467773
-33.848907470703,151.12799072266
-33.848098754883,151.08609008789
-33.848007202148,151.06491088867
-33.843200683594,150.8489074707
-33.842895507812,151.11068725586
-33.842895507812,151.11068725586
-33.842895507812,151.11068725586
-33.841995239258,151.20458984375
-33.841995239258,151.20458984375
-33.841995239258,151.20458984375
-33.841995239258,151.20458984375
-33.841995239258,151.20458984375
-33.841995239258,151.20458984375
-33.841995239258,151.20458984375
-33.840606689453,151.18310546875
-33.840393066406,151.08959960938
-33.839004516602,151.23959350586
-33.839004516602,151.23959350586
-33.835494995117,148.69659423828
-33.834396362305,151.12930297852
-33.834396362305,151.12930297852
-33.834396362305,151.12930297852
-33.834396362305,151.12930297852
-33.834396362305,151.12930297852
-33.834396362305,151.12930297852
-33.834396362305,151.12930297852
-33.834396362305,151.12930297852
-33.83430480957,151.14590454102
-33.83430480957,151.14590454102
-33.833297729492,151.08331298828
-33.833297729492,151.14080810547
-33.833297729492,151.14080810547
-33.833297729492,151.14080810547
-33.833297729492,151.14080810547
-33.833297729492,151.22500610352
-33.833297729492,151.14080810547
-33.833297729492,151.08331298828
-33.833297729492,151.22500610352
-33.833297729492,151.01669311523
-33.833297729492,151.08331298828
-33.833297729492,151.08331298828
-33.833297729492,150.98330688477
-33.833206176758,151.0198059082
-33.832794189453,151.18978881836
-33.832794189453,151.18978881836
-33.828094482422,151.20169067383
-33.828094482422,151.20169067383
-33.828094482422,151.20169067383
-33.82780456543,151.23330688477
-33.82780456543,151.23330688477
-33.82780456543,151.23330688477
-33.826507568359,151.20190429688
-33.823501586914,150.94610595703
-33.823501586914,150.94610595703
-33.823501586914,150.94610595703
-33.823501586914,150.94610595703
-33.823501586914,150.94610595703
-33.823501586914,150.94610595703
-33.823501586914,150.94610595703
-33.822906494141,151.0078125
-33.822906494141,151.0078125
-33.822494506836,151.21578979492
-33.816696166992,151.16668701172
-33.816696166992,151.16668701172
-33.816696166992,151.16668701172
-33.816696166992,151.16668701172
-33.816696166992,151.16668701172
-33.816696166992,151.16668701172
-33.816696166992,151.16668701172
-33.816696166992,151.16668701172
-33.816696166992,151.10000610352
-33.816696166992,151.16668701172
-33.816696166992,151.16668701172
-33.816696166992,151.16668701172
-33.816696166992,151.16668701172
-33.816696166992,151.10000610352
-33.816696166992,151.16668701172
-33.816696166992,151.16668701172
-33.816696166992,151.16668701172
-33.816696166992,151.16668701172
-33.816696166992,151.16668701172
-33.816696166992,150.98330688477
-33.816696166992,151.16668701172
-33.816696166992,151.16668701172
-33.816696166992,151.16668701172
-33.816696166992,151.16668701172
-33.816696166992,151.16668701172
-33.816696166992,151.16668701172
-33.816696166992,151.16668701172
-33.816696166992,151.16668701172
-33.816696166992,151.16668701172
-33.816696166992,151.16668701172
-33.816696166992,151.18328857422
-33.816696166992,151.16668701172
-33.816696166992,151.16668701172
-33.816696166992,151.16668701172
-33.816696166992,151.16668701172
-33.816696166992,151.10000610352
-33.816696166992,151.10000610352
-33.816696166992,151.16668701172
-33.816696166992,151.10000610352
-33.816696166992,151.18328857422
-33.816696166992,151
-33.816696166992,151.10000610352
-33.815704345703,151.16680908203
-33.815704345703,151.16680908203
-33.814804077148,151.0546875
-33.814804077148,151.0546875
-33.814498901367,151.00540161133
-33.814498901367,151.00540161133
-33.812393188477,151.06130981445
-33.811798095703,150.95489501953
-33.811798095703,150.95489501953
-33.811798095703,150.95489501953
-33.806304931641,150.86120605469
-33.804901123047,151.19931030273
-33.804901123047,151.19931030273
-33.800003051758,151.26669311523
-33.800003051758,151.04998779297
-33.800003051758,151.04998779297
-33.800003051758,151.08331298828
-33.800003051758,151.18328857422
-33.800003051758,151.08331298828
-33.800003051758,151.18328857422
-33.800003051758,150.95001220703
-33.800003051758,151.18328857422
-33.800003051758,151.04998779297
-33.800003051758,151.18328857422
-33.800003051758,151.08331298828
-33.798400878906,151.20520019531
-33.796005249023,151.09741210938
-33.796005249023,151.09741210938
-33.796005249023,151.09741210938
-33.796005249023,151.09741210938
-33.79280090332,151.03860473633
-33.792602539062,150.9762878418
-33.792602539062,150.9762878418
-33.792602539062,150.9762878418
-33.792602539062,150.9762878418
-33.791793823242,151.08059692383
-33.791793823242,151.08059692383
-33.791793823242,151.08059692383
-33.791198730469,151.12979125977
-33.791198730469,151.12979125977
-33.791198730469,151.12979125977
-33.791198730469,151.12979125977
-33.791198730469,151.12979125977
-33.79069519043,150.66931152344
-33.79069519043,150.66931152344
-33.79069519043,150.66931152344
-33.789306640625,150.88159179688
-33.783294677734,150.93328857422
-33.783294677734,150.78329467773
-33.783294677734,151.08331298828
-33.783294677734,151.16668701172
-33.783294677734,150.93328857422
-33.783294677734,151.04998779297
-33.783294677734,150.95001220703
-33.783294677734,151.04998779297
-33.783294677734,150.93328857422
-33.783294677734,150.95001220703
-33.783294677734,150.93328857422
-33.783294677734,150.95001220703
-33.783294677734,150.93328857422
-33.783294677734,150.93328857422
-33.783294677734,150.95001220703
-33.783294677734,150.93328857422
-33.783294677734,150.93328857422
-33.782592773438,151.19549560547
-33.781097412109,151.12759399414
-33.777801513672,151.10571289062
-33.777801513672,151.10571289062
-33.777801513672,151.10571289062
-33.777801513672,151.10571289062
-33.777801513672,151.10571289062
-33.777801513672,151.10571289062
-33.777801513672,151.10571289062
-33.776397705078,150.98049926758
-33.772705078125,151.08178710938
-33.772705078125,151.08178710938
-33.772705078125,151.08178710938
-33.772705078125,151.08178710938
-33.772705078125,151.08178710938
-33.772705078125,151.08178710938
-33.772399902344,150.84310913086
-33.772201538086,151.01721191406
-33.768005371094,150.67678833008
-33.766693115234,150.91668701172
-33.766693115234,151.20831298828
-33.766693115234,150.91668701172
-33.766693115234,150.91668701172
-33.766693115234,150.91668701172
-33.766693115234,150.91668701172
-33.766693115234,151.20831298828
-33.766693115234,150.91668701172
-33.766693115234,151.29168701172
-33.766693115234,151.29168701172
-33.766693115234,150.91668701172
-33.766693115234,150.91668701172
-33.766693115234,150.91668701172
-33.766693115234,150.91668701172
-33.766693115234,150.91668701172
-33.761505126953,150.87368774414
-33.761505126953,150.87368774414
-33.761505126953,150.87368774414
-33.758804321289,150.9928894043
-33.758804321289,150.9928894043
-33.758804321289,150.9928894043
-33.758804321289,150.9928894043
-33.758804321289,150.9928894043
-33.758804321289,150.9928894043
-33.758804321289,150.9928894043
-33.758804321289,150.9928894043
-33.758804321289,150.9928894043
-33.758804321289,150.9928894043
-33.758804321289,150.9928894043
-33.758804321289,150.9928894043
-33.758804321289,150.9928894043
-33.758804321289,150.9928894043
-33.758804321289,150.9928894043
-33.758804321289,150.9928894043
-33.751800537109,150.8369140625
-33.751800537109,150.8369140625
-33.750106811523,150.93539428711
-33.75,150.70001220703
-33.75,150.70001220703
-33.75,150.60000610352
-33.75,150.70001220703
-33.75,151
-33.75,151.29998779297
-33.75,150.70001220703
-33.75,151.14999389648
-33.75,150.70001220703
-33.75,150.66668701172
-33.748596191406,151.03381347656
-33.747192382812,150.74438476562
-33.745803833008,150.82379150391
-33.743606567383,150.84719848633
-33.741302490234,150.95458984375
-33.741302490234,150.95458984375
-33.73779296875,151.07220458984
-33.735702514648,150.93481445312
-33.735702514648,150.93481445312
-33.733306884766,150.88330078125
-33.733306884766,151
-33.733306884766,150.88330078125
-33.733306884766,151.10000610352
-33.733306884766,151
-33.733306884766,151.21670532227
-33.733306884766,151
-33.733306884766,151
-33.733306884766,151.08331298828
-33.733306884766,151.10000610352
-33.733306884766,151
-33.733306884766,151.08331298828
-33.733306884766,150.88330078125
-33.733306884766,151.06671142578
-33.733306884766,151
-33.733306884766,151.08331298828
-33.733306884766,151
-33.733306884766,151.10000610352
-33.733306884766,151
-33.731994628906,151.30120849609
-33.730102539062,150.82220458984
-33.730102539062,150.82220458984
-33.724502563477,150.45840454102
-33.724395751953,150.91821289062
-33.72200012207,151.04611206055
-33.72200012207,151.04611206055
-33.719802856445,150.30740356445
-33.716705322266,151.11669921875
-33.716705322266,151.11669921875
-33.716705322266,150.86669921875
-33.713500976562,151.14730834961
-33.713500976562,151.14730834961
-33.713104248047,151.14639282227
-33.705993652344,150.90881347656
-33.705993652344,150.90881347656
-33.701599121094,151.27969360352
-33.699996948242,151.10000610352
-33.699996948242,151
-33.699996948242,151.10000610352
-33.699996948242,151.10000610352
-33.699905395508,150.94110107422
-33.699905395508,150.94110107422
-33.699905395508,150.94110107422
-33.699905395508,150.94110107422
-33.699905395508,150.94110107422
-33.699905395508,150.94110107422
-33.699905395508,150.94110107422
-33.699905395508,150.94110107422
-33.699905395508,150.94110107422
-33.699905395508,150.94110107422
-33.699905395508,150.94110107422
-33.689804077148,150.67889404297
-33.683303833008,150.86669921875
-33.683303833008,151.11669921875
-33.683303833008,151.10000610352
-33.683303833008,151.01669311523
-33.682098388672,150.91540527344
-33.682098388672,150.91540527344
-33.679306030273,151.29360961914
-33.672805786133,150.77520751953
-33.655303955078,151.00500488281
-33.63330078125,151.33331298828
-33.632598876953,150.28628540039
-33.632095336914,151.32431030273
-33.592193603516,150.91979980469
-33.562606811523,150.83779907227
-33.533294677734,151.30828857422
-33.484298706055,151.32470703125
-33.483306884766,151.35000610352
-33.468200683594,151.43389892578
-33.468200683594,151.43389892578
-33.448196411133,151.44668579102
-33.440399169922,151.34320068359
-33.439697265625,151.29449462891
-33.399993896484,151.41668701172
-33.399993896484,151.41668701172
-33.399993896484,151.41668701172
-33.399993896484,151.41668701172
-33.399993896484,151.41668701172
-33.399993896484,151.41668701172
-33.389007568359,151.28588867188
-33.389007568359,151.28588867188
-33.389007568359,151.28588867188
-33.389007568359,151.28588867188
-33.389007568359,151.28588867188
-33.38330078125,151.36669921875
-33.38330078125,151.46670532227
-33.38330078125,151.36669921875
-33.381393432617,151.47290039062
-33.381393432617,151.47290039062
-33.381393432617,151.47290039062
-33.381393432617,151.47290039062
-33.381393432617,151.47290039062
-33.36669921875,151.46670532227
-33.316696166992,151.41668701172
-33.283096313477,149.10000610352
-33.283096313477,149.10000610352
-33.283096313477,149.10000610352
-33.283096313477,149.10000610352
-33.275802612305,151.54699707031
-33.266693115234,151.51669311523
-33.266693115234,151.48330688477
-33.251205444336,151.4762878418
-33.251205444336,151.4762878418
-33.11669921875,149.04998779297
-33.11669921875,149.04998779297
-33.11669921875,149.04998779297
-33.11669921875,149.04998779297
-33.11669921875,149.04998779297
-33.11669921875,149.04998779297
-33.11669921875,149.04998779297
-33.11669921875,149.04998779297
-33.033294677734,151.66668701172
-33.033294677734,151.66668701172
-33.033294677734,151.66668701172
-33.033294677734,151.66668701172
-33,151.60000610352
-32.989593505859,151.63641357422
-32.989593505859,151.63641357422
-32.949996948242,151.66668701172
-32.941299438477,151.76541137695
-32.941299438477,151.76541137695
-32.941299438477,151.76541137695
-32.938201904297,151.72540283203
-32.930999755859,151.775390625
-32.927993774414,151.70309448242
-32.927993774414,151.70309448242
-32.927993774414,151.70309448242
-32.927993774414,151.70309448242
-32.927993774414,151.70309448242
-32.927993774414,151.70309448242
-32.927993774414,151.70309448242
-32.927993774414,151.70309448242
-32.927993774414,151.70309448242
-32.927993774414,151.70309448242
-32.927993774414,151.70309448242
-32.927993774414,151.70309448242
-32.927993774414,151.70309448242
-32.927993774414,151.70309448242
-32.927993774414,151.70309448242
-32.927993774414,151.70309448242
-32.927993774414,151.70309448242
-32.927993774414,151.70309448242
-32.927993774414,151.70309448242
-32.927993774414,151.70309448242
-32.927993774414,151.70309448242
-32.927993774414,151.70309448242
-32.927993774414,151.70309448242
-32.927993774414,151.70309448242
-32.927993774414,151.70309448242
-32.927993774414,151.70309448242
-32.927993774414,151.70309448242
-32.927993774414,151.70309448242
-32.927993774414,151.70309448242
-32.927993774414,151.70309448242
-32.927993774414,151.70309448242
-32.927993774414,151.70309448242
-32.927993774414,151.70309448242
-32.92790222168,151.74649047852
-32.911193847656,151.75540161133
-32.906997680664,151.60528564453
-32.899993896484,151.73330688477
-32.833297729492,151.36669921875
-32.800003051758,151.64999389648
-32.75,151.58331298828
-32.722305297852,152.17498779297
-32.720092773438,152.10848999023
-32.550003051758,151.95001220703
-32.21240234375,146.15811157227
-32.21240234375,146.15811157227
-32.21240234375,146.15811157227
-32.21240234375,146.15811157227
-32.068893432617,147.45278930664
-31.975799560547,151.90859985352
-31.958694458008,115.87109375
-31.952194213867,115.86138916016
-31.952194213867,115.86138916016
-31.952194213867,115.86138916016
-31.952194213867,115.86138916016
-31.952194213867,115.86138916016
-31.952194213867,115.86138916016
-31.952194213867,115.86138916016
-31.952194213867,115.86138916016
-31.941192626953,152.51611328125
-31.892700195312,115.79510498047
-31.854995727539,115.83990478516
-31.38330078125,152.85000610352
-31.38330078125,152.85000610352
-31.033294677734,151.71670532227
-31.033294677734,151.71670532227
-31.033294677734,151.71670532227
-31.033294677734,151.71670532227
-31.033294677734,151.71670532227
-31.033294677734,151.71670532227
-30.966705322266,150.85000610352
-30.850006103516,151.06350708008
-30.452896118164,152.89910888672
-30.339797973633,153.06781005859
-30.337203979492,153.06970214844
-30.266693115234,152.01669311523
-30.060592651367,153.1907043457
-28.830200195312,153.20361328125
-28.830200195312,153.20361328125
-28.717193603516,153.59228515625
-28.523803710938,153.53219604492
-28.212997436523,153.53628540039
-28.212997436523,153.53628540039
-28.212997436523,153.53628540039
-28.212997436523,153.53628540039
-28.212997436523,153.53628540039
-28.212997436523,153.53628540039
-28.212997436523,153.53628540039
-28.212997436523,153.53628540039
-28.212997436523,153.53628540039
-28.212997436523,153.53628540039
-28.212997436523,153.53628540039
-28.212997436523,153.53628540039
-28.212997436523,153.53628540039
-28.100006103516,153.45001220703
-28.000305175781,153.43090820312
-28,153.43328857422
-27.932403564453,153.40020751953
-27.910705566406,153.37091064453
-27.890502929688,153.31460571289
-27.88330078125,153.29998779297
-27.88330078125,153.29998779297
-27.831207275391,153.02740478516
-27.733306884766,153.20001220703
-27.687606811523,153.08441162109
-27.649795532227,153.17749023438
-27.649795532227,153.17749023438
-27.623306274414,153.04791259766
-27.61540222168,151.77481079102
-27.61279296875,152.86010742188
-27.61279296875,153.03240966797
-27.599899291992,152.77130126953
-27.599899291992,152.77130126953
-27.599899291992,152.77130126953
-27.597595214844,153.07699584961
-27.589492797852,152.98580932617
-27.564895629883,153.06649780273
-27.564895629883,153.06649780273
-27.550003051758,152.98330688477
-27.550003051758,152.98330688477
-27.542404174805,153.09118652344
-27.542404174805,153.09118652344
-27.542404174805,153.09118652344
-27.539306640625,153.09899902344
-27.533294677734,153.08331298828
-27.533294677734,152.98330688477
-27.52619934082,153.06048583984
-27.52619934082,153.06048583984
-27.520202636719,153.02780151367
-27.507095336914,153.04769897461
-27.507095336914,153.04769897461
-27.507095336914,153.04769897461
-27.493499755859,153.07629394531
-27.493499755859,153.07629394531
-27.493499755859,153.07629394531
-27.493194580078,153.05828857422
-27.489105224609,153.01879882812
-27.489105224609,153.01879882812
-27.489105224609,153.01879882812
-27.489105224609,153.01879882812
-27.489105224609,153.01879882812
-27.489105224609,153.01879882812
-27.489105224609,153.01879882812
-27.489105224609,153.01879882812
-27.48860168457,153.03659057617
-27.48860168457,153.03659057617
-27.48860168457,153.03659057617
-27.48860168457,153.03659057617
-27.483306884766,153.04168701172
-27.483306884766,153.04168701172
-27.483306884766,153.21670532227
-27.483306884766,153.21670532227
-27.483306884766,153
-27.476501464844,152.99661254883
-27.472396850586,153.09469604492
-27.470993041992,153.02429199219
-27.470993041992,153.02429199219
-27.470993041992,153.02429199219
-27.470993041992,153.02429199219
-27.470993041992,153.02429199219
-27.470993041992,153.02429199219
-27.470993041992,153.02429199219
-27.470993041992,153.02429199219
-27.470993041992,153.02429199219
-27.470993041992,153.02429199219
-27.470993041992,153.02429199219
-27.470993041992,153.02429199219
-27.470993041992,153.02429199219
-27.470993041992,153.02429199219
-27.470993041992,153.02429199219
-27.470993041992,153.02429199219
-27.470993041992,153.02429199219
-27.470993041992,153.02429199219
-27.470993041992,153.02429199219
-27.470993041992,153.02429199219
-27.470993041992,153.02429199219
-27.470993041992,153.02429199219
-27.470993041992,153.02429199219
-27.470993041992,153.02429199219
-27.470993041992,153.02429199219
-27.470993041992,153.02429199219
-27.470993041992,153.02429199219
-27.470993041992,153.02429199219
-27.470993041992,153.02429199219
-27.470993041992,153.02429199219
-27.470993041992,153.02429199219
-27.470993041992,153.02429199219
-27.470993041992,153.02429199219
-27.470993041992,153.02429199219
-27.470993041992,153.02429199219
-27.470993041992,153.02429199219
-27.470993041992,153.02429199219
-27.470993041992,153.02429199219
-27.470993041992,153.02429199219
-27.470993041992,153.02429199219
-27.470993041992,153.02429199219
-27.470993041992,153.02429199219
-27.470993041992,153.02429199219
-27.470993041992,153.02429199219
-27.470993041992,153.02429199219
-27.470993041992,153.02429199219
-27.470993041992,153.02429199219
-27.470993041992,153.02429199219
-27.470993041992,153.02429199219
-27.470993041992,153.02429199219
-27.470993041992,153.02429199219
-27.470993041992,153.02429199219
-27.470993041992,153.02429199219
-27.470993041992,153.02429199219
-27.470993041992,153.02429199219
-27.470993041992,153.02429199219
-27.470993041992,153.02429199219
-27.470993041992,153.02429199219
-27.470993041992,153.02429199219
-27.470993041992,153.02429199219
-27.470993041992,153.02429199219
-27.470397949219,153.00311279297
-27.466705322266,153.04998779297
-27.448196411133,153.0133972168
-27.433303833008,153.01669311523
-27.425506591797,153.00100708008
-27.425506591797,153.00100708008
-27.422698974609,153.03350830078
-27.422698974609,153.03350830078
-27.416702270508,153
-27.410400390625,153.01110839844
-27.398101806641,152.9580078125
-27.369400024414,152.94329833984
-27.36669921875,153.01669311523
-27.355895996094,153.04449462891
-27.350006103516,152.98330688477
-27.317092895508,153.03100585938
-27.312194824219,152.94979858398
-27.300003051758,153.06671142578
-27.297698974609,152.90658569336
-27.243499755859,153.02380371094
-27.065002441406,153.14309692383
-27.016693115234,152.95001220703
-27,133
-27,133
-27,133
-27,133
-27,133
-27,133
-27,133
-27,133
-27,133
-26.858795166016,152.96139526367
-26.781692504883,153.1164855957
-26.717895507812,153.0546875
-26.68440246582,153.05709838867
-26.68440246582,153.05709838867
-26.533294677734,153.09118652344
-19.297698974609,146.76431274414
-19.275695800781,146.77920532227
-16.923004150391,145.76629638672
-16.75,145.66668701172
-13.065505981445,143.40469360352
-12.45719909668,130.83660888672
-12.45719909668,130.83660888672
-12.45719909668,130.83660888672
-12.391204833984,130.89050292969
1.2931060791016,103.85580444336
14.583297729492,120.96670532227
22.283294677734,114.14999389648
25.78059387207,-80.182601928711
51.514404296875,-0.094100952148438
53.347793579102,-6.2597045898438
